<?xml version="1.0" encoding="UTF-8"?>
<!--
	COMP303-001 Assignment 2
	Due Date: Nov 04, 2020
	Submitted: Nov 04, 2020
	301 041 132 : Trent Minia
	300 549 638 : Matthew Naruse
-->
<beans xmlns="http://www.springframework.org/schema/beans"
	xmlns:context="http://www.springframework.org/schema/context"
	xmlns:xsi="http://www.w3.org/2001/XMLSchema-instance"
	xsi:schemaLocation="
	http://www.springframework.org/schema/beans
	http://www.springframework.org/schema/beans/spring-beans-3.0.xsd
	http://www.springframework.org/schema/context
	http://www.springframework.org/schema/context/spring-context-3.0.xsd">
 
	<context:component-scan base-package="comp303.a2.*" />
	
	<bean class="org.springframework.web.servlet.view.InternalResourceViewResolver">
		<property name="prefix" value="/WEB-INF/pages/"/>
		<property name="suffix" value=".jsp"/>
	</bean>

	<bean id="customer" name="customer" class="comp303.a2.entities.Customer"/>
	<bean id="product" name="product" class="comp303.a2.entities.Product"/>
	<bean id="order" name="order" class="comp303.a2.entities.Order"/>
	
</beans>
